{
  "version": 2,
  "builds": [
    {
      "src": "api/main.py",
      "use": "@vercel/python",
      "config": {
        "maxLambdaSize": "50mb",
        "runtime": "python3.9"
      }
    },
    {
      "src": "package.json",
      "use": "@vercel/next"
    }
  ],
  "routes": [
    {
      "src": "/api/(.*)",
      "dest": "/api/main.py"
    },
    {
      "src": "/(.*)",
      "dest": "/$1"
    }
  ],
  "env": {
    "PYTHON_VERSION": "3.9"
  },
  "functions": {
    "api/main.py": {
      "maxDuration": 30
    }
  }
}
